Timestamp,User Count,Type,Name,Requests/s,Failures/s,50%,66%,75%,80%,90%,95%,98%,99%,99.9%,99.99%,100%,Total Request Count,Total Failure Count,Total Median Response Time,Total Average Response Time,Total Min Response Time,Total Max Response Time,Total Average Content Size
1762782604,0,,Aggregated,0.000000,0.000000,N/A,N/A,N/A,N/A,N/A,N/A,N/A,N/A,N/A,N/A,N/A,0,0,0,0.0,0,0,0
1762782605,5,,Aggregated,0.000000,0.000000,480,480,480,480,480,480,480,480,480,480,480,2,0,130.0,303.0349379987456,125.12054199760314,480.94933399988804,270.0
1762782606,10,,Aggregated,0.000000,0.000000,1200,1300,1300,1300,1400,1400,1400,1400,1400,1400,1400,7,0,1200.0,907.3091905697116,125.12054199760314,1441.646082996158,455.57142857142856
1762782607,15,,Aggregated,0.000000,0.000000,1200,1300,1300,1400,1400,1400,1400,1400,1400,1400,1400,13,0,1200.0,1003.1733077675409,125.12054199760314,1444.2069590004394,452.6923076923077
1762782608,20,,Aggregated,3.000000,0.000000,1200,1300,1300,1300,1400,1400,1400,1400,1400,1400,1400,21,0,1200.0,961.3514147141749,125.12054199760314,1444.2069590004394,433.57142857142856
1762782609,25,,Aggregated,4.333333,0.000000,1200,1300,1300,1400,1400,1500,1600,1600,1600,1600,1600,28,0,1200.0,944.2475610002085,115.47745899588335,1597.4013750092126,403.92857142857144
1762782610,30,,Aggregated,4.500000,0.000000,950,1200,1300,1300,1400,1500,1600,1600,1600,1600,1600,39,0,950.0,911.5521261022271,115.47745899588335,1597.4013750092126,374.94871794871796
1762782611,35,,Aggregated,4.800000,0.000000,1100,1200,1300,1400,1400,1500,1600,1600,1600,1600,1600,44,0,950.0,931.0646477500665,115.47745899588335,1597.4013750092126,369.6363636363636
1762782612,40,,Aggregated,5.333333,0.000000,950,1200,1300,1400,1500,1800,1800,1800,1800,1800,1800,54,0,950.0,960.9226304439492,115.47745899588335,1808.4817919880152,361.3888888888889
1762782613,45,,Aggregated,6.142857,0.000000,950,1300,1400,1400,1600,1800,1800,2100,2100,2100,2100,63,0,950.0,971.3549477926877,115.47745899588335,2054.2733329930343,353.22222222222223
1762782614,50,,Aggregated,5.750000,0.000000,950,1300,1400,1400,1600,1800,1800,2100,2100,2100,2100,69,0,950.0,978.3224801292923,115.47745899588335,2054.2733329930343,354.0144927536232
1762782615,55,,Aggregated,6.444444,0.000000,1100,1300,1400,1400,1600,1800,1800,2100,2100,2100,2100,78,0,1100.0,1008.1506806143294,115.47745899588335,2054.2733329930343,361.3974358974359
1762782616,60,,Aggregated,6.700000,0.000000,1100,1300,1400,1400,1600,1800,1800,2100,2100,2100,2100,90,0,1100.0,1029.7275065100014,115.47745899588335,2054.2733329930343,332.5
1762782617,65,,Aggregated,7.100000,0.000000,1100,1300,1400,1500,1700,1800,1900,1900,2100,2100,2100,102,0,1100.0,1060.4533386752282,115.47745899588335,2054.2733329930343,320.54901960784315
1762782618,70,,Aggregated,7.400000,0.000000,1100,1300,1400,1400,1700,1800,1900,1900,2100,2100,2100,111,0,1100.0,1048.845604377372,115.47745899588335,2054.2733329930343,309.5405405405405
1762782619,75,,Aggregated,8.000000,0.000000,1100,1300,1400,1500,1700,1800,2100,2100,2100,2100,2100,116,0,1100.0,1069.3254504645854,115.47745899588335,2059.277166990796,310.3448275862069
1762782620,80,,Aggregated,8.800000,0.000000,1200,1300,1400,1500,1800,2100,2200,2200,2300,2300,2300,131,0,1200.0,1126.6213804495633,115.47745899588335,2269.601332998718,296.2671755725191
1762782621,85,,Aggregated,9.100000,0.000000,1200,1400,1500,1600,1800,2100,2400,2600,2800,2800,2800,136,0,1200.0,1163.276085513751,115.47745899588335,2815.391957992688,301.0514705882353
1762782622,90,,Aggregated,9.400000,0.000000,1300,1400,1600,1700,2100,2400,2800,2900,3200,3200,3200,149,0,1300.0,1248.5989656364982,115.47745899588335,3207.6824999967357,293.51677852348996
1762782623,95,,Aggregated,9.000000,0.000000,1300,1500,1600,1800,2100,2600,2800,2900,3200,3200,3200,159,0,1300.0,1297.8545980429703,115.47745899588335,3207.6824999967357,278.8176100628931
1762782624,100,,Aggregated,9.700000,0.000000,1300,1600,1800,1900,2300,2800,3200,3300,3700,3700,3700,171,0,1300.0,1387.242670835245,115.47745899588335,3721.1516249954,278.5438596491228
1762782625,100,,Aggregated,9.400000,0.000000,1400,1700,1900,2100,2700,2900,3300,3700,3900,3900,3900,185,0,1400.0,1481.4666533936288,115.47745899588335,3887.2608749952633,272.1837837837838
1762782626,100,,Aggregated,9.800000,0.000000,1400,1800,2100,2200,2800,3100,3300,3700,4100,4100,4100,201,0,1400.0,1555.0493658846071,115.47745899588335,4052.765457992791,261.7960199004975
1762782627,100,,Aggregated,10.200000,0.000000,1400,1800,2100,2200,2800,3200,3300,3700,4100,4100,4100,221,0,1400.0,1555.4404619178968,115.47745899588335,4052.765457992791,249.04072398190044
1762782628,100,,Aggregated,10.900000,0.000000,1400,1700,2000,2200,2800,3200,3300,3700,4100,4100,4100,231,0,1400.0,1508.7835387871307,115.47745899588335,4052.765457992791,238.54545454545453
1762782629,100,,Aggregated,11.800000,0.000000,1400,1700,2000,2200,2800,3200,3300,3700,4100,4100,4100,239,0,1400.0,1475.6551450537322,115.47745899588335,4052.765457992791,230.78242677824267
1762782630,100,,Aggregated,11.700000,0.000000,1300,1700,1900,2100,2800,3200,3300,3700,4100,4100,4100,249,0,1300.0,1435.8902200474988,115.47745899588335,4052.765457992791,221.93975903614458
1762782631,100,,Aggregated,11.900000,0.000000,1300,1600,1900,2100,2800,3200,3300,3700,4100,4100,4100,260,0,1300.0,1402.3696517609305,115.47745899588335,4052.765457992791,213.0
1762782632,100,,Aggregated,11.600000,0.000000,1300,1600,1800,2100,2700,3200,3300,3700,4100,4100,4100,270,0,1300.0,1366.6772095734443,115.47745899588335,4052.765457992791,205.3962962962963
1762782633,100,,Aggregated,12.000000,0.000000,1200,1600,1800,2000,2600,3100,3300,3700,4100,4100,4100,287,0,1200.0,1321.5105021736995,115.47745899588335,4052.765457992791,193.45296167247386
1762782634,100,,Aggregated,12.000000,0.000000,1200,1500,1800,2000,2600,3100,3300,3700,4100,4100,4100,295,0,1200.0,1300.131800982527,115.47745899588335,4052.765457992791,188.3864406779661
1762782635,100,,Aggregated,12.200000,0.000000,1100,1500,1700,1900,2400,2900,3300,3600,4100,4100,4100,312,0,1100.0,1259.6180453969841,115.47745899588335,4052.765457992791,178.29807692307693
1762782636,100,,Aggregated,12.600000,0.000000,1000,1400,1700,1900,2400,2900,3300,3600,4100,4100,4100,323,0,1000.0,1233.7539556157187,115.47745899588335,4052.765457992791,172.39628482972137
1762782637,100,,Aggregated,13.000000,0.000000,950,1400,1700,1900,2400,2900,3300,3600,4100,4100,4100,334,0,950.0,1206.112898565539,115.47745899588335,4052.765457992791,166.75149700598803
1762782638,100,,Aggregated,13.000000,0.000000,910,1400,1700,1800,2400,2900,3300,3600,4100,4100,4100,341,0,910.0,1186.9332138208272,115.47745899588335,4052.765457992791,163.4574780058651
1762782639,100,,Aggregated,11.600000,0.000000,870,1400,1700,1800,2400,2900,3300,3600,4100,4100,4100,348,0,860.0,1173.3840094479426,115.47745899588335,4052.765457992791,160.32183908045977
1762782640,100,,Aggregated,11.300000,0.000000,840,1300,1600,1800,2300,2900,3200,3600,4100,4100,4100,362,0,830.0,1144.8170733146076,115.47745899588335,4052.765457992791,154.35911602209944
1762782641,100,,Aggregated,10.800000,0.000000,820,1300,1600,1800,2300,2900,3200,3600,4100,4100,4100,373,0,820.0,1124.8715379702264,115.47745899588335,4052.765457992791,149.86595174262735
1762782642,100,,Aggregated,11.200000,0.000000,780,1300,1600,1700,2300,2900,3200,3600,4100,4100,4100,387,0,780.0,1102.3860683589326,115.47745899588335,4052.765457992791,144.60981912144703
1762782643,100,,Aggregated,11.400000,0.000000,750,1300,1600,1700,2300,2900,3200,3600,4100,4100,4100,399,0,750.0,1080.4303785386164,115.47745899588335,4052.765457992791,140.42606516290726
1762782644,100,,Aggregated,11.600000,0.000000,730,1300,1500,1700,2200,2800,3200,3300,4100,4100,4100,407,0,730.0,1070.4791587688408,115.47745899588335,4052.765457992791,137.74692874692875
1762782645,100,,Aggregated,11.500000,0.000000,700,1200,1500,1700,2200,2800,3200,3300,4100,4100,4100,419,0,700.0,1051.5469202337933,115.47745899588335,4052.765457992791,133.90692124105013
1762782646,100,,Aggregated,11.400000,0.000000,670,1200,1500,1700,2200,2800,3200,3300,4100,4100,4100,434,0,670.0,1030.9671941104339,115.47745899588335,4052.765457992791,129.45622119815667
1762782647,100,,Aggregated,10.900000,0.000000,660,1200,1400,1600,2200,2800,3200,3300,4100,4100,4100,445,0,660.0,1019.9247765774365,115.47745899588335,4052.765457992791,126.33033707865168
1762782648,100,,Aggregated,10.500000,0.000000,650,1200,1400,1600,2200,2800,3200,3300,4100,4100,4100,455,0,650.0,1007.5202255340288,115.47745899588335,4052.765457992791,123.65054945054945
1762782649,100,,Aggregated,11.100000,0.000000,640,1100,1400,1600,2200,2800,3200,3300,4100,4100,4100,465,0,640.0,994.2553435333364,115.47745899588335,4052.765457992791,121.01505376344086
1762782650,100,,Aggregated,11.300000,0.000000,630,1100,1400,1600,2200,2800,3200,3300,4100,4100,4100,479,0,630.0,980.5093808120589,115.47745899588335,4052.765457992791,117.56993736951983
1762782651,100,,Aggregated,11.600000,0.000000,630,990,1300,1600,2100,2800,3200,3300,4100,4100,4100,489,0,630.0,969.7608185786759,115.47745899588335,4052.765457992791,115.27811860940696
1762782652,100,,Aggregated,11.600000,0.000000,620,950,1300,1600,2100,2800,3200,3300,4100,4100,4100,497,0,620.0,962.6574350945053,115.47745899588335,4052.765457992791,113.4446680080483
1762782653,100,,Aggregated,11.600000,0.000000,620,910,1300,1500,2100,2800,3200,3300,4100,4100,4100,508,0,620.0,953.3766644389124,115.47745899588335,4052.765457992791,111.0748031496063
1762782654,100,,Aggregated,11.400000,0.000000,620,860,1300,1500,2100,2800,3200,3300,4100,4100,4100,520,0,620.0,944.4067483057622,115.47745899588335,4052.765457992791,108.55384615384615
1762782655,100,,Aggregated,11.000000,0.000000,620,840,1300,1500,2100,2700,3200,3300,4100,4100,4100,529,0,620.0,934.8085618241801,115.47745899588335,4052.765457992791,106.79017013232514
1762782656,100,,Aggregated,10.600000,0.000000,620,830,1300,1400,2100,2700,3200,3300,4100,4100,4100,546,0,620.0,921.6940386098001,115.47745899588335,4052.765457992791,103.54578754578755
1762782657,100,,Aggregated,11.200000,0.000000,610,820,1200,1400,2100,2700,3200,3300,4100,4100,4100,557,0,610.0,913.3164251165834,115.47745899588335,4052.765457992791,101.63913824057451
1762782658,100,,Aggregated,11.200000,0.000000,620,810,1200,1400,2000,2600,3200,3300,4100,4100,4100,571,0,620.0,905.6372410209143,115.47745899588335,4052.765457992791,99.20490367775832
1762782659,100,,Aggregated,10.800000,0.000000,610,790,1200,1400,2000,2600,3200,3300,4100,4100,4100,583,0,610.0,896.0594793412324,115.47745899588335,4052.765457992791,97.25728987993139
1762782660,100,,Aggregated,11.200000,0.000000,610,770,1200,1400,2000,2600,3200,3300,4100,4100,4100,592,0,610.0,888.8478786553064,115.47745899588335,4052.765457992791,95.81587837837837
1762782661,100,,Aggregated,11.800000,0.000000,610,760,1200,1400,2000,2600,3200,3300,4100,4100,4100,600,0,610.0,882.7489811765554,115.47745899588335,4052.765457992791,94.55666666666667
1762782662,100,,Aggregated,11.400000,0.000000,600,740,1200,1300,1900,2500,3200,3300,4100,4100,4100,613,0,600.0,874.6667957421403,111.95629100257065,4052.765457992791,92.6231647634584
1762782663,100,,Aggregated,11.100000,0.000000,600,730,1200,1300,1900,2500,3200,3300,4100,4100,4100,616,0,600.0,872.4818990096254,111.95629100257065,4052.765457992791,92.17207792207792
1762782664,100,,Aggregated,11.300000,0.000000,610,730,1100,1300,1900,2400,3200,3300,4100,4100,4100,630,0,610.0,865.8604647428128,111.95629100257065,4052.765457992791,90.17619047619047
1762782665,100,,Aggregated,11.400000,0.000000,600,720,1100,1300,1900,2400,3200,3300,4100,4100,4100,639,0,600.0,860.9796525101009,111.95629100257065,4052.765457992791,88.94053208137716
1762782666,100,,Aggregated,11.100000,0.000000,600,710,1100,1300,1900,2400,3200,3300,4100,4100,4100,649,0,600.0,855.6474907456816,111.95629100257065,4052.765457992791,87.62095531587057
1762782667,100,,Aggregated,10.800000,0.000000,600,710,1000,1300,1900,2400,3200,3300,4100,4100,4100,658,0,600.0,851.863674132168,111.95629100257065,4052.765457992791,86.4726443768997
1762782668,100,,Aggregated,10.500000,0.000000,600,700,950,1300,1800,2400,3200,3300,4100,4100,4100,674,0,600.0,845.3207480725839,111.95629100257065,4052.765457992791,84.48516320474778
1762782669,100,,Aggregated,10.900000,0.000000,600,700,940,1300,1800,2400,3200,3300,4100,4100,4100,687,0,600.0,838.1689481949679,111.95629100257065,4052.765457992791,82.93449781659389
1762782670,100,,Aggregated,10.200000,0.000000,600,690,910,1300,1800,2400,3200,3300,4100,4100,4100,695,0,600.0,834.8064970531838,111.95629100257065,4052.765457992791,82.0115107913669
1762782671,100,,Aggregated,10.100000,0.000000,600,690,900,1200,1800,2300,3100,3200,4100,4100,4100,704,0,600.0,829.9578397158547,111.95629100257065,4052.765457992791,81.04119318181819
1762782672,100,,Aggregated,10.500000,0.000000,600,680,860,1200,1800,2300,3100,3200,4100,4100,4100,713,0,600.0,825.9396845399365,111.95629100257065,4052.765457992791,80.07994389901823
1762782673,100,,Aggregated,10.400000,0.000000,590,680,850,1200,1800,2300,3100,3200,4100,4100,4100,726,0,590.0,819.7391503580706,111.95629100257065,4052.765457992791,78.69146005509641
1762782674,100,,Aggregated,10.000000,0.000000,590,670,840,1200,1800,2300,3100,3200,4100,4100,4100,738,0,590.0,813.9815943902513,111.95629100257065,4052.765457992791,77.47154471544715
1762782675,100,,Aggregated,10.600000,0.000000,590,670,840,1200,1800,2300,2900,3200,4100,4100,4100,756,0,590.0,808.3936008003004,111.95629100257065,4052.765457992791,75.72883597883597
1762782676,100,,Aggregated,11.100000,0.000000,590,670,830,1200,1800,2300,2900,3200,4100,4100,4100,765,0,590.0,804.6178461268569,111.95629100257065,4052.765457992791,74.89542483660131
1762782677,100,,Aggregated,10.700000,0.000000,590,670,830,1200,1700,2300,2900,3200,4100,4100,4100,775,0,590.0,799.8523058013938,111.95629100257065,4052.765457992791,73.9716129032258
1762782678,100,,Aggregated,11.700000,0.000000,590,670,820,1100,1700,2300,2900,3200,4100,4100,4100,790,0,590.0,794.1534221456556,111.95629100257065,4052.765457992791,72.6367088607595
1762782679,100,,Aggregated,11.200000,0.000000,580,670,820,1100,1700,2300,2900,3200,4100,4100,4100,800,0,580.0,789.3471479100663,111.95629100257065,4052.765457992791,71.75625
1762782680,100,,Aggregated,11.300000,0.000000,580,660,820,1100,1700,2200,2900,3200,4100,4100,4100,809,0,580.0,785.2264347899048,111.95629100257065,4052.765457992791,71.03955500618046
1762782681,100,,Aggregated,11.400000,0.000000,580,660,810,1100,1700,2200,2900,3200,4100,4100,4100,823,0,580.0,779.2115977557806,111.95629100257065,4052.765457992791,69.91130012150668
1762782682,100,,Aggregated,11.300000,0.000000,580,660,800,1000,1700,2200,2900,3200,4100,4100,4100,836,0,580.0,774.5391139772972,111.95629100257065,4052.765457992791,68.88995215311004
1762782683,100,,Aggregated,11.600000,0.000000,580,660,780,990,1700,2200,2900,3200,4100,4100,4100,846,0,580.0,770.1684609835062,111.95629100257065,4052.765457992791,68.11465721040189
1762782684,100,,Aggregated,11.800000,0.000000,580,660,770,950,1700,2200,2900,3200,4100,4100,4100,858,0,580.0,766.6941714685717,111.95629100257065,4052.765457992791,67.18764568764568
1762782685,100,,Aggregated,12.100000,0.000000,580,650,760,940,1700,2200,2900,3200,4100,4100,4100,868,0,570.0,763.3476783260277,111.95629100257065,4052.765457992791,66.4389400921659
1762782686,100,,Aggregated,11.500000,0.000000,580,650,750,910,1600,2200,2900,3200,4100,4100,4100,878,0,570.0,760.5791843644699,111.95629100257065,4052.765457992791,65.68223234624146
1762782687,100,,Aggregated,12.100000,0.000000,580,650,750,880,1600,2200,2900,3200,4100,4100,4100,892,0,580.0,757.5116002881097,111.95629100257065,4052.765457992791,64.70067264573991
1762782688,100,,Aggregated,11.300000,0.000000,570,650,730,870,1600,2200,2900,3200,4100,4100,4100,904,0,570.0,753.3622594479972,111.95629100257065,4052.765457992791,63.9391592920354
1762782689,100,,Aggregated,11.500000,0.000000,570,650,730,860,1600,2200,2900,3200,4100,4100,4100,914,0,570.0,749.7218339266942,111.95629100257065,4052.765457992791,63.33588621444201
1762782690,100,,Aggregated,11.900000,0.000000,570,650,720,840,1600,2200,2900,3200,4100,4100,4100,932,0,570.0,744.4208407564377,111.95629100257065,4052.765457992791,62.19527896995708
1762782691,100,,Aggregated,11.400000,0.000000,570,640,720,840,1600,2200,2900,3200,4100,4100,4100,939,0,570.0,741.8810595527412,111.95629100257065,4052.765457992791,61.77848775292865
1762782692,100,,Aggregated,11.400000,0.000000,570,640,720,840,1600,2200,2900,3200,4100,4100,4100,951,0,570.0,736.7527935541672,111.95629100257065,4052.765457992791,61.01051524710831
1762782693,100,,Aggregated,11.800000,0.000000,570,640,710,830,1600,2100,2900,3200,4100,4100,4100,962,0,570.0,733.0966600415962,111.95629100257065,4052.765457992791,60.34719334719335
1762782694,100,,Aggregated,11.800000,0.000000,570,640,710,830,1600,2100,2900,3200,4100,4100,4100,971,0,570.0,730.810603633413,111.95629100257065,4052.765457992791,59.81050463439753
1762782695,100,,Aggregated,11.300000,0.000000,570,640,710,820,1600,2100,2900,3200,4100,4100,4100,986,0,570.0,727.1117375386182,111.95629100257065,4052.765457992791,58.96754563894523
1762782696,100,,Aggregated,11.600000,0.000000,570,630,700,820,1600,2100,2900,3200,4100,4100,4100,990,0,570.0,725.6719744162496,111.95629100257065,4052.765457992791,58.72929292929293
1762782697,100,,Aggregated,11.300000,0.000000,570,630,700,820,1500,2100,2800,3200,3900,4100,4100,1010,0,570.0,721.3360235605062,111.95629100257065,4052.765457992791,57.65346534653465
1762782698,100,,Aggregated,11.500000,0.000000,570,630,700,820,1500,2100,2800,3200,3900,4100,4100,1013,0,570.0,720.3945615381137,111.95629100257065,4052.765457992791,57.493583415597236
1762782699,100,,Aggregated,11.500000,0.000000,560,630,700,820,1500,2100,2800,3200,3900,4100,4100,1020,0,560.0,718.2093165481466,111.95629100257065,4052.765457992791,57.13137254901961
1762782700,100,,Aggregated,11.500000,0.000000,560,630,700,820,1500,2100,2800,3200,3900,4100,4100,1039,0,560.0,715.5961946632632,111.95629100257065,4052.765457992791,56.09720885466795
1762782701,100,,Aggregated,10.900000,0.000000,560,630,700,810,1500,2100,2800,3200,3900,4100,4100,1052,0,560.0,712.5307749202968,111.95629100257065,4052.765457992791,55.43536121673004
1762782702,100,,Aggregated,10.600000,0.000000,560,630,700,800,1500,2100,2800,3200,3900,4100,4100,1065,0,560.0,708.833605248974,111.95629100257065,4052.765457992791,54.81032863849765
1762782703,100,,Aggregated,11.100000,0.000000,560,630,700,800,1500,2100,2800,3200,3900,4100,4100,1074,0,560.0,707.0488783809626,111.95629100257065,4052.765457992791,54.39199255121043
1762782704,100,,Aggregated,11.100000,0.000000,560,630,690,790,1500,2100,2800,3200,3900,4100,4100,1085,0,560.0,704.5438026167637,111.95629100257065,4052.765457992791,53.891244239631334
1762782705,100,,Aggregated,11.200000,0.000000,560,630,690,780,1400,2100,2800,3200,3900,4100,4100,1092,0,560.0,702.8121231347948,111.95629100257065,4052.765457992791,53.565934065934066
1762782706,100,,Aggregated,11.300000,0.000000,560,630,690,780,1400,2100,2800,3200,3900,4100,4100,1102,0,560.0,701.3172848667665,111.95629100257065,4052.765457992791,53.10980036297641
1762782707,100,,Aggregated,11.300000,0.000000,560,630,690,770,1400,2100,2800,3200,3900,4100,4100,1112,0,560.0,699.4522385397327,111.95629100257065,4052.765457992791,52.651978417266186
1762782708,100,,Aggregated,10.700000,0.000000,560,630,690,780,1400,2100,2800,3200,3900,4100,4100,1128,0,560.0,697.4881229345672,111.95629100257065,4052.765457992791,51.973404255319146
1762782709,100,,Aggregated,10.600000,0.000000,560,620,690,770,1400,2100,2800,3200,3900,4100,4100,1136,0,560.0,695.3840197378488,111.95629100257065,4052.765457992791,51.62676056338028
1762782710,100,,Aggregated,10.300000,0.000000,560,620,690,770,1400,2000,2800,3200,3900,4100,4100,1145,0,560.0,693.3798380324711,111.95629100257065,4052.765457992791,51.249781659388645
1762782711,100,,Aggregated,11.500000,0.000000,560,620,690,760,1400,2000,2800,3200,3900,4100,4100,1153,0,560.0,692.3569968240693,111.95629100257065,4052.765457992791,50.91326973113617
1762782712,100,,Aggregated,11.600000,0.000000,560,620,680,760,1400,2000,2800,3200,3900,4100,4100,1164,0,560.0,690.5890121393345,111.95629100257065,4052.765457992791,50.460481099656356
1762782713,100,,Aggregated,10.400000,0.000000,560,620,680,760,1400,2000,2800,3200,3900,4100,4100,1174,0,560.0,689.1255822352658,111.95629100257065,4052.765457992791,50.04940374787053
1762782714,100,,Aggregated,10.000000,0.000000,560,620,680,750,1400,2000,2800,3200,3900,4100,4100,1181,0,560.0,687.3562510238723,111.95629100257065,4052.765457992791,49.77138018628281
1762782715,100,,Aggregated,10.100000,0.000000,560,620,680,740,1400,2000,2800,3200,3900,4100,4100,1196,0,560.0,684.6758485586653,111.95629100257065,4052.765457992791,49.18394648829432
1762782716,100,,Aggregated,9.900000,0.000000,560,620,670,740,1400,2000,2800,3200,3900,4100,4100,1213,0,560.0,681.3723977058291,111.95629100257065,4052.765457992791,48.530915086562246
1762782717,100,,Aggregated,10.100000,0.000000,560,620,670,730,1400,2000,2800,3200,3900,4100,4100,1218,0,560.0,679.5894954180477,111.95629100257065,4052.765457992791,48.34975369458128
1762782718,100,,Aggregated,10.600000,0.000000,560,620,670,730,1300,1900,2800,3200,3900,4100,4100,1230,0,560.0,677.730680251344,111.95629100257065,4052.765457992791,47.90487804878049
1762782719,100,,Aggregated,11.200000,0.000000,560,620,670,730,1300,1900,2800,3200,3900,4100,4100,1238,0,560.0,675.5484727384015,111.95629100257065,4052.765457992791,47.60420032310178
1762782720,100,,Aggregated,10.600000,0.000000,560,620,670,730,1300,1900,2800,3200,3900,4100,4100,1246,0,560.0,674.4683926566194,111.95629100257065,4052.765457992791,47.32504012841091
1762782721,100,,Aggregated,10.200000,0.000000,560,620,670,720,1300,1900,2800,3200,3900,4100,4100,1259,0,560.0,673.1541302940071,111.95629100257065,4052.765457992791,46.88006354249404
1762782722,100,,Aggregated,10.200000,0.000000,560,620,670,720,1300,1900,2800,3200,3900,4100,4100,1270,0,560.0,671.10899018987,111.95629100257065,4052.765457992791,46.51732283464567
1762782723,100,,Aggregated,10.000000,0.000000,560,610,670,720,1300,1900,2800,3200,3900,4100,4100,1279,0,560.0,669.5584741658744,111.95629100257065,4052.765457992791,46.2243940578577
1762782724,100,,Aggregated,10.600000,0.000000,560,610,670,720,1300,1900,2800,3200,3900,4100,4100,1293,0,560.0,667.581293954472,111.95629100257065,4052.765457992791,45.75792730085073
1762782725,100,,Aggregated,10.700000,0.000000,560,610,670,720,1300,1900,2700,3200,3900,4100,4100,1309,0,560.0,665.8849971994741,111.95629100257065,4052.765457992791,45.26585179526356
1762782726,100,,Aggregated,10.400000,0.000000,560,610,670,720,1300,1900,2700,3200,3900,4100,4100,1315,0,560.0,664.8567954996913,111.95629100257065,4052.765457992791,45.05931558935361
1762782727,100,,Aggregated,10.700000,0.000000,560,610,660,710,1300,1900,2700,3200,3900,4100,4100,1329,0,560.0,662.2334883988577,111.95629100257065,4052.765457992791,44.62603461249059
1762782728,100,,Aggregated,11.100000,0.000000,560,610,660,710,1300,1900,2700,3200,3900,4100,4100,1339,0,560.0,660.8375204137957,111.95629100257065,4052.765457992791,44.32561613144137
1762782729,100,,Aggregated,10.100000,0.000000,560,610,660,710,1300,1800,2700,3200,3900,4100,4100,1350,0,560.0,659.0473085503887,111.95629100257065,4052.765457992791,43.98074074074074
1762782730,100,,Aggregated,11.100000,0.000000,560,610,660,710,1300,1800,2700,3200,3900,4100,4100,1362,0,560.0,656.0528759493453,111.95629100257065,4052.765457992791,43.62555066079295
1762782731,100,,Aggregated,10.900000,0.000000,560,610,660,700,1300,1800,2700,3200,3900,4100,4100,1370,0,560.0,654.7080478708075,111.95629100257065,4052.765457992791,43.394890510948905
1762782732,100,,Aggregated,11.100000,0.000000,560,610,660,700,1300,1800,2700,3200,3900,4100,4100,1379,0,560.0,653.4440040775812,111.95629100257065,4052.765457992791,43.111675126903556
1762782733,100,,Aggregated,11.500000,0.000000,550,610,660,700,1300,1800,2700,3200,3900,4100,4100,1390,0,550.0,651.6427452618524,111.95629100257065,4052.765457992791,42.810071942446044
1762782734,100,,Aggregated,11.100000,0.000000,550,610,660,700,1200,1800,2700,3200,3900,4100,4100,1399,0,550.0,650.2015778806098,111.95629100257065,4052.765457992791,42.55825589706934
1762782735,100,,Aggregated,10.800000,0.000000,550,610,660,700,1200,1800,2600,3100,3900,4100,4100,1412,0,550.0,648.9754408300126,111.95629100257065,4052.765457992791,42.197592067988666
1762782736,100,,Aggregated,11.100000,0.000000,550,610,660,700,1200,1800,2600,3100,3900,4100,4100,1420,0,550.0,648.2432385809427,111.95629100257065,4052.765457992791,41.975352112676056
1762782737,100,,Aggregated,10.700000,0.000000,550,610,660,690,1200,1800,2600,3100,3900,4100,4100,1429,0,550.0,647.1265216899533,111.95629100257065,4052.765457992791,41.74177746675997
1762782738,100,,Aggregated,10.200000,0.000000,550,600,660,690,1200,1800,2600,3100,3900,4100,4100,1440,0,550.0,646.140696639567,111.95629100257065,4052.765457992791,41.46111111111111
1762782739,100,,Aggregated,10.600000,0.000000,550,600,660,690,1200,1800,2600,3100,3900,4100,4100,1447,0,550.0,645.929804534901,111.95629100257065,4052.765457992791,41.260539046302696
1762782740,100,,Aggregated,9.900000,0.000000,550,600,650,690,1200,1800,2600,3100,3900,4100,4100,1456,0,550.0,644.3882875137306,111.95629100257065,4052.765457992791,41.020604395604394
1762782741,100,,Aggregated,10.100000,0.000000,550,600,650,690,1200,1800,2600,3100,3900,4100,4100,1468,0,550.0,642.9462691001103,111.95629100257065,4052.765457992791,40.700272479564035
1762782742,100,,Aggregated,9.600000,0.000000,550,600,650,690,1200,1800,2600,3100,3900,4100,4100,1477,0,550.0,642.0825037508158,111.95629100257065,4052.765457992791,40.4895057549086
1762782743,100,,Aggregated,9.400000,0.000000,550,600,650,690,1200,1800,2600,3100,3900,4100,4100,1490,0,550.0,641.6805716717538,111.95629100257065,4052.765457992791,40.165771812080536
1762782744,100,,Aggregated,9.900000,0.000000,550,600,650,690,1200,1800,2600,3100,3900,4100,4100,1495,0,550.0,641.3911646882221,111.95629100257065,4052.765457992791,40.031438127090304
1762782745,100,,Aggregated,9.800000,0.000000,550,600,650,690,1200,1800,2500,2900,3900,4100,4100,1509,0,550.0,638.9587364446165,111.95629100257065,4052.765457992791,39.70377733598409
1762782746,100,,Aggregated,9.900000,0.000000,550,600,650,690,1200,1800,2500,2900,3900,4100,4100,1514,0,550.0,638.4551464418333,111.95629100257065,4052.765457992791,39.57992073976222
1762782747,100,,Aggregated,9.400000,0.000000,550,600,650,690,1200,1800,2500,2900,3900,4100,4100,1527,0,550.0,635.5786349901197,111.95629100257065,4052.765457992791,39.2573673870334
1762782748,100,,Aggregated,9.700000,0.000000,550,600,650,680,1200,1700,2500,2900,3900,4100,4100,1541,0,550.0,633.6863231965694,111.95629100257065,4052.765457992791,38.914990266061
1762782749,100,,Aggregated,9.300000,0.000000,550,600,650,680,1200,1700,2400,2900,3900,4100,4100,1557,0,550.0,632.8145810885657,111.95629100257065,4052.765457992791,38.543352601156066
1762782750,100,,Aggregated,9.800000,0.000000,550,600,650,680,1200,1700,2400,2900,3900,4100,4100,1564,0,550.0,632.0492483516116,111.95629100257065,4052.765457992791,38.39897698209719
1762782751,100,,Aggregated,10.100000,0.000000,550,600,640,680,1200,1700,2400,2900,3900,4100,4100,1569,0,550.0,631.2993003804455,111.95629100257065,4052.765457992791,38.2836201402167
1762782752,100,,Aggregated,11.000000,0.000000,550,600,640,680,1100,1700,2400,2900,3900,4100,4100,1583,0,550.0,629.9228666335666,111.95629100257065,4052.765457992791,37.98673404927353
1762782753,100,,Aggregated,10.800000,0.000000,550,600,640,680,1100,1700,2400,2900,3900,4100,4100,1591,0,550.0,628.4658925235341,111.95629100257065,4052.765457992791,37.816467630421116
1762782755,100,,Aggregated,10.000000,0.000000,550,600,640,680,1100,1700,2400,2900,3900,4100,4100,1607,0,550.0,627.4728283845117,111.95629100257065,4052.765457992791,37.46048537647791
1762782756,100,,Aggregated,10.400000,0.000000,550,600,640,680,1100,1700,2400,2900,3900,4100,4100,1617,0,550.0,625.8904823264963,111.95629100257065,4052.765457992791,37.25602968460111
1762782757,100,,Aggregated,11.200000,0.000000,550,600,640,680,1100,1700,2400,2900,3900,4100,4100,1636,0,550.0,624.055115603887,111.95629100257065,4052.765457992791,36.84352078239609
1762782758,100,,Aggregated,11.200000,0.000000,550,600,640,680,1100,1700,2400,2900,3900,4100,4100,1645,0,550.0,623.2203470139377,111.95629100257065,4052.765457992791,36.675379939209726
1762782759,100,,Aggregated,10.800000,0.000000,550,600,640,680,1100,1700,2400,2900,3900,4100,4100,1656,0,550.0,622.6277660059787,111.95629100257065,4052.765457992791,36.46497584541063
1762782760,100,,Aggregated,12.000000,0.000000,550,600,640,680,1100,1700,2400,2900,3900,4100,4100,1667,0,550.0,621.5018356376081,111.95629100257065,4052.765457992791,36.25734853029394
1762782761,100,,Aggregated,11.800000,0.000000,550,600,640,670,1100,1700,2400,2900,3900,4100,4100,1677,0,550.0,620.4321262963091,111.95629100257065,4052.765457992791,36.07394156231366
1762782762,100,,Aggregated,11.400000,0.000000,550,600,640,670,1100,1700,2400,2900,3900,4100,4100,1687,0,550.0,619.3592402495132,111.95629100257065,4052.765457992791,35.892708950800234
1762782763,100,,Aggregated,11.000000,0.000000,550,600,640,670,1100,1700,2400,2900,3900,4100,4100,1696,0,550.0,618.5061744109281,111.95629100257065,4052.765457992791,35.721698113207545
1762782764,100,,Aggregated,11.300000,0.000000,550,600,640,670,1000,1700,2400,2900,3900,4100,4100,1707,0,550.0,617.0327975559105,111.95629100257065,4052.765457992791,35.51728178090217
1762782765,100,,Aggregated,11.300000,0.000000,550,600,640,670,990,1700,2400,2900,3900,4100,4100,1721,0,550.0,616.2846204316996,111.95629100257065,4052.765457992791,35.25392213829169
1762782766,100,,Aggregated,11.300000,0.000000,550,600,640,670,990,1700,2400,2900,3900,4100,4100,1731,0,550.0,615.718680659135,111.95629100257065,4052.765457992791,35.06932409012132
1762782767,100,,Aggregated,11.600000,0.000000,550,600,640,670,990,1600,2400,2900,3900,4100,4100,1742,0,550.0,615.17193841503,111.95629100257065,4052.765457992791,34.85419058553387
1762782768,100,,Aggregated,11.300000,0.000000,550,600,640,670,970,1600,2300,2900,3900,4100,4100,1753,0,550.0,614.001841395894,111.95629100257065,4052.765457992791,34.65430690245294
1762782769,100,,Aggregated,11.400000,0.000000,550,590,640,670,950,1600,2300,2900,3900,4100,4100,1763,0,550.0,612.6533367169676,111.95629100257065,4052.765457992791,34.482699943278504
1762782770,100,,Aggregated,10.700000,0.000000,550,590,630,670,950,1600,2300,2900,3900,4100,4100,1773,0,550.0,611.4973752154573,111.95629100257065,4052.765457992791,34.313028764805416
1762782771,100,,Aggregated,10.800000,0.000000,550,590,630,670,940,1600,2300,2900,3900,4100,4100,1787,0,550.0,610.3316366138863,111.95629100257065,4052.765457992791,34.0688304420817
1762782772,100,,Aggregated,10.700000,0.000000,550,590,630,670,920,1600,2300,2900,3900,4100,4100,1794,0,550.0,609.425787673926,111.95629100257065,4052.765457992791,33.948160535117054
1762782773,100,,Aggregated,10.600000,0.000000,550,590,630,670,910,1600,2300,2900,3900,4100,4100,1802,0,550.0,608.8561533740505,111.95629100257065,4052.765457992791,33.82186459489456
1762782774,100,,Aggregated,10.700000,0.000000,550,590,630,660,910,1600,2300,2900,3900,4100,4100,1816,0,550.0,607.7734143530023,111.95629100257065,4052.765457992791,33.58535242290749
1762782775,100,,Aggregated,10.700000,0.000000,550,590,630,660,900,1600,2300,2900,3900,4100,4100,1828,0,550.0,607.1889888118529,111.95629100257065,4052.765457992791,33.40098468271335
1762782776,100,,Aggregated,10.700000,0.000000,550,590,630,660,900,1600,2300,2900,3900,4100,4100,1839,0,550.0,606.7672833551406,111.95629100257065,4052.765457992791,33.225122349102776
1762782777,100,,Aggregated,10.800000,0.000000,550,590,630,660,880,1600,2300,2900,3900,4100,4100,1849,0,550.0,605.9818826420393,111.95629100257065,4052.765457992791,33.05732828555976
1762782778,100,,Aggregated,10.800000,0.000000,550,590,630,660,870,1600,2300,2900,3900,4100,4100,1862,0,550.0,604.7802508985638,111.95629100257065,4052.765457992791,32.85606874328679
1762782779,100,,Aggregated,10.700000,0.000000,550,590,630,660,870,1600,2300,2900,3900,4100,4100,1873,0,550.0,603.7479933972807,111.95629100257065,4052.765457992791,32.67485317672184
1762782780,100,,Aggregated,10.900000,0.000000,540,590,630,660,870,1600,2300,2900,3900,4100,4100,1881,0,540.0,603.1517424072774,111.95629100257065,4052.765457992791,32.547581073896865
1762782781,100,,Aggregated,11.000000,0.000000,540,590,630,660,860,1600,2300,2900,3900,4100,4100,1895,0,540.0,601.5904295135051,111.95629100257065,4052.765457992791,32.34195250659631
1762782782,100,,Aggregated,11.000000,0.000000,540,590,630,660,860,1600,2300,2900,3900,4100,4100,1905,0,540.0,600.5596387633103,111.95629100257065,4052.765457992791,32.189501312335956
1762782783,100,,Aggregated,10.600000,0.000000,540,590,630,660,860,1600,2300,2900,3900,4100,4100,1911,0,540.0,600.2678254244424,111.95629100257065,4052.765457992791,32.09419152276295
1762782784,100,,Aggregated,11.100000,0.000000,540,590,630,660,860,1600,2300,2900,3900,4100,4100,1928,0,540.0,599.4906156276435,111.95629100257065,4052.765457992791,31.83402489626556
1762782785,100,,Aggregated,10.900000,0.000000,540,590,630,660,860,1600,2300,2900,3900,4100,4100,1937,0,540.0,599.3076169623585,111.95629100257065,4052.765457992791,31.703149199793494
1762782786,100,,Aggregated,11.100000,0.000000,540,590,630,660,860,1600,2300,2900,3900,4100,4100,1950,0,540.0,599.0557790231195,111.95629100257065,4052.765457992791,31.514358974358974
1762782787,100,,Aggregated,10.700000,0.000000,540,590,630,660,850,1600,2300,2900,3900,4100,4100,1962,0,540.0,597.5739945907779,111.95629100257065,4052.765457992791,31.338430173292558
1762782788,100,,Aggregated,11.000000,0.000000,540,590,630,660,850,1600,2300,2900,3900,4100,4100,1971,0,540.0,597.1067736819413,111.95629100257065,4052.765457992791,31.21207508878742
1762782789,100,,Aggregated,11.300000,0.000000,540,590,630,660,850,1600,2300,2900,3900,4100,4100,1978,0,540.0,596.4967928094443,111.95629100257065,4052.765457992791,31.11274014155713
1762782790,100,,Aggregated,10.800000,0.000000,540,590,630,660,840,1600,2300,2900,3900,4100,4100,1992,0,540.0,595.9256626767568,111.95629100257065,4052.765457992791,30.92168674698795
1762782791,100,,Aggregated,10.300000,0.000000,540,590,630,660,840,1600,2300,2900,3900,4100,4100,2000,0,540.0,595.178299047045,111.95629100257065,4052.765457992791,30.798
1762782792,100,,Aggregated,11.200000,0.000000,540,590,630,660,840,1500,2200,2800,3700,4100,4100,2009,0,540.0,594.4304858402619,111.95629100257065,4052.765457992791,30.660029865604777
1762782793,100,,Aggregated,10.500000,0.000000,540,590,630,660,840,1500,2200,2800,3700,4100,4100,2022,0,540.0,593.2359775035054,111.95629100257065,4052.765457992791,30.479228486646885
1762782794,100,,Aggregated,10.300000,0.000000,540,590,630,660,840,1500,2200,2800,3700,4100,4100,2026,0,540.0,592.6735041599653,111.95629100257065,4052.765457992791,30.424481737413622
1762782795,100,,Aggregated,10.300000,0.000000,540,590,620,660,840,1500,2200,2800,3700,4100,4100,2036,0,540.0,591.5873097633129,111.95629100257065,4052.765457992791,30.296660117878194
1762782796,100,,Aggregated,11.000000,0.000000,540,590,620,660,840,1500,2200,2800,3700,4100,4100,2048,0,540.0,590.9727638608895,111.95629100257065,4052.765457992791,30.140625
1762782797,100,,Aggregated,10.100000,0.000000,540,590,620,660,840,1500,2200,2800,3700,4100,4100,2060,0,540.0,589.8104277374136,111.95629100257065,4052.765457992791,29.970388349514565
1762782798,100,,Aggregated,10.000000,0.000000,540,590,620,650,830,1500,2200,2800,3700,4100,4100,2070,0,540.0,588.9963394193735,111.95629100257065,4052.765457992791,29.83623188405797
1762782799,100,,Aggregated,9.700000,0.000000,540,590,620,650,830,1500,2200,2800,3700,4100,4100,2080,0,540.0,588.3002537538856,111.95629100257065,4052.765457992791,29.703365384615385
1762782800,100,,Aggregated,9.900000,0.000000,540,590,620,650,830,1500,2200,2800,3700,4100,4100,2092,0,540.0,587.9755580067226,111.95629100257065,4052.765457992791,29.554015296367112
1762782801,100,,Aggregated,10.000000,0.000000,540,590,620,650,830,1500,2200,2800,3700,4100,4100,2103,0,540.0,586.7069407475166,111.95629100257065,4052.765457992791,29.420351878269138
1762782802,100,,Aggregated,9.900000,0.000000,540,590,620,650,830,1500,2200,2800,3700,4100,4100,2116,0,540.0,586.0231102391466,111.95629100257065,4052.765457992791,29.270793950850663
1762782803,100,,Aggregated,10.300000,0.000000,540,590,620,650,830,1500,2200,2800,3700,4100,4100,2129,0,540.0,585.1819613532163,111.95629100257065,4052.765457992791,29.117895725692815
1762782804,100,,Aggregated,10.700000,0.000000,540,590,620,650,820,1500,2200,2800,3700,4100,4100,2138,0,540.0,584.7374732464798,111.95629100257065,4052.765457992791,29.00561272217025
1762782805,100,,Aggregated,10.500000,0.000000,540,590,620,650,820,1500,2200,2800,3700,4100,4100,2147,0,540.0,584.5205139184793,111.95629100257065,4052.765457992791,28.909641360037263
1762782806,100,,Aggregated,11.200000,0.000000,540,590,620,650,820,1500,2200,2800,3700,4100,4100,2158,0,540.0,584.0460567108241,111.95629100257065,4052.765457992791,28.772474513438368
1762782807,100,,Aggregated,11.000000,0.000000,540,590,620,650,820,1500,2200,2800,3700,4100,4100,2176,0,540.0,583.1562122049462,111.95629100257065,4052.765457992791,28.5546875
1762782808,100,,Aggregated,10.800000,0.000000,540,590,620,650,820,1400,2200,2800,3700,4100,4100,2185,0,540.0,582.4589851683892,111.95629100257065,4052.765457992791,28.442105263157895
1762782809,100,,Aggregated,11.200000,0.000000,540,590,620,650,820,1400,2200,2800,3700,4100,4100,2199,0,540.0,581.9724465520252,111.95629100257065,4052.765457992791,28.281036834924965
1762782810,100,,Aggregated,11.400000,0.000000,540,590,620,650,820,1400,2200,2800,3700,4100,4100,2209,0,540.0,580.942871364814,111.95629100257065,4052.765457992791,28.17292892711634
1762782811,100,,Aggregated,12.100000,0.000000,540,590,620,650,820,1400,2200,2800,3700,4100,4100,2218,0,540.0,580.3891114237481,111.95629100257065,4052.765457992791,28.073489630297566
1762782812,100,,Aggregated,11.600000,0.000000,540,590,620,650,810,1400,2200,2800,3700,4100,4100,2232,0,540.0,580.1361644699163,111.95629100257065,4052.765457992791,27.9171146953405
1762782813,100,,Aggregated,11.300000,0.000000,540,590,620,650,810,1400,2200,2800,3700,4100,4100,2238,0,540.0,579.5022691263924,111.95629100257065,4052.765457992791,27.852100089365504
1762782814,100,,Aggregated,11.100000,0.000000,540,590,620,650,810,1400,2200,2800,3700,4100,4100,2246,0,540.0,579.0961839995,111.95629100257065,4052.765457992791,27.767586821015136
1762782815,100,,Aggregated,11.000000,0.000000,540,590,620,640,810,1400,2200,2800,3700,4100,4100,2255,1,540.0,578.1818381795516,31.450583002879284,4052.765457992791,27.661640798226163
1762782816,100,,Aggregated,10.800000,0.000000,540,580,620,640,810,1400,2200,2800,3700,4100,4100,2265,1,540.0,577.5561116869206,31.450583002879284,4052.765457992791,27.558940397350995
1762782817,100,,Aggregated,10.600000,0.100000,540,590,620,640,810,1400,2200,2800,3700,4100,4100,2280,1,540.0,577.3426449056335,31.450583002879284,4052.765457992791,27.401754385964914
1762782818,100,,Aggregated,10.400000,0.100000,540,590,620,640,810,1400,2200,2800,3700,4100,4100,2290,1,540.0,576.7798934003623,31.450583002879284,4052.765457992791,27.30131004366812
1762782819,100,,Aggregated,10.800000,0.100000,540,580,620,640,810,1400,2200,2800,3700,4100,4100,2300,1,540.0,576.1988691903606,31.450583002879284,4052.765457992791,27.187391304347827
1762782820,100,,Aggregated,10.300000,0.100000,540,580,620,640,800,1400,2200,2800,3700,4100,4100,2310,1,540.0,575.8157301466864,31.450583002879284,4052.765457992791,27.074458874458873
1762782821,100,,Aggregated,10.000000,0.100000,540,580,620,640,800,1400,2200,2800,3700,4100,4100,2326,1,540.0,575.2276191839376,31.450583002879284,4052.765457992791,26.911865864144453
1762782822,100,,Aggregated,10.000000,0.100000,540,580,620,640,800,1400,2200,2800,3700,4100,4100,2334,1,540.0,574.6201072432932,31.450583002879284,4052.765457992791,26.82433590402742
1762782823,100,,Aggregated,10.500000,0.100000,540,580,620,640,790,1400,2200,2800,3700,4100,4100,2348,1,540.0,573.5102629952502,31.450583002879284,4052.765457992791,26.68313458262351
1762782824,100,,Aggregated,10.800000,0.100000,540,580,620,640,790,1400,2200,2800,3700,4100,4100,2354,1,540.0,573.1019300360487,31.450583002879284,4052.765457992791,26.62914188615123
1762782825,100,,Aggregated,10.900000,0.100000,540,580,620,640,790,1400,2200,2800,3700,4100,4100,2366,1,540.0,573.454717671551,31.450583002879284,4052.765457992791,26.512679628064244
1762782826,100,,Aggregated,10.700000,0.100000,540,580,620,640,790,1400,2200,2800,3700,4100,4100,2378,1,540.0,572.6278007644662,31.450583002879284,4052.765457992791,26.40201850294365
1762782827,100,,Aggregated,11.200000,0.000000,540,580,620,640,790,1400,2200,2800,3700,4100,4100,2388,1,540.0,572.200436771311,31.450583002879284,4052.765457992791,26.314489112227804
1762782828,100,,Aggregated,11.500000,0.000000,540,580,620,640,790,1400,2200,2800,3700,4100,4100,2395,1,540.0,571.5715376346097,31.450583002879284,4052.765457992791,26.260542797494782
1762782829,100,,Aggregated,10.600000,0.000000,540,580,620,640,790,1400,2100,2800,3700,4100,4100,2405,1,540.0,571.6852848627348,31.450583002879284,4052.765457992791,26.155925155925157
1762782830,100,,Aggregated,10.800000,0.000000,540,580,620,640,790,1400,2100,2800,3700,4100,4100,2417,1,540.0,571.3602287661902,31.450583002879284,4052.765457992791,26.044269755895737
1762782831,100,,Aggregated,10.300000,0.000000,540,580,620,640,780,1400,2100,2800,3700,4100,4100,2426,1,540.0,570.5369265815742,31.450583002879284,4052.765457992791,25.96578730420445
1762782832,100,,Aggregated,11.000000,0.000000,540,580,620,640,780,1400,2100,2800,3700,4100,4100,2439,1,540.0,570.1102210483485,31.450583002879284,4052.765457992791,25.858958589585896
1762782833,100,,Aggregated,10.500000,0.000000,540,580,620,640,780,1300,2100,2800,3700,4100,4100,2447,1,540.0,569.4983852553913,31.450583002879284,4052.765457992791,25.78340825500613
1762782834,100,,Aggregated,10.100000,0.000000,540,580,620,640,770,1300,2100,2800,3700,4100,4100,2462,1,540.0,568.8448628537607,31.450583002879284,4052.765457992791,25.635255889520714
1762782835,100,,Aggregated,10.000000,0.000000,540,580,610,640,770,1300,2100,2800,3700,4100,4100,2473,1,540.0,568.0860258847324,31.450583002879284,4052.765457992791,25.543469470279014
1762782836,100,,Aggregated,10.300000,0.000000,540,580,610,640,770,1300,2100,2800,3700,4100,4100,2488,1,540.0,567.1947401249871,31.450583002879284,4052.765457992791,25.420418006430868
1762782837,100,,Aggregated,10.700000,0.000000,540,580,610,640,770,1300,2100,2800,3700,4100,4100,2497,1,540.0,566.6036298450078,31.450583002879284,4052.765457992791,25.346415698838605
1762782838,100,,Aggregated,10.800000,0.000000,540,580,610,640,760,1300,2100,2800,3700,4100,4100,2513,1,540.0,565.926763818543,31.450583002879284,4052.765457992791,25.20692399522483
1762782839,100,,Aggregated,11.100000,0.000000,540,580,610,640,760,1300,2100,2800,3700,4100,4100,2523,1,540.0,565.5318312929065,31.450583002879284,4052.765457992791,25.13317479191439
1762782840,100,,Aggregated,11.500000,0.000000,540,580,610,640,760,1300,2100,2800,3700,4100,4100,2537,1,540.0,564.3527804398936,31.450583002879284,4052.765457992791,25.0074891604257
1762782841,100,,Aggregated,11.600000,0.000000,540,580,610,640,760,1300,2100,2800,3700,4100,4100,2549,1,540.0,564.1817901196587,31.450583002879284,4052.765457992791,24.907022361710474
1762782842,100,,Aggregated,11.900000,0.000000,540,580,610,640,760,1300,2100,2800,3700,4100,4100,2560,1,540.0,563.3981738988323,31.450583002879284,4052.765457992791,24.8
1762782843,100,,Aggregated,12.100000,0.000000,540,580,610,640,760,1300,2100,2800,3700,4100,4100,2570,1,540.0,562.7677756389065,31.450583002879284,4052.765457992791,24.720622568093386
1762782844,100,,Aggregated,12.100000,0.000000,540,580,610,640,760,1300,2100,2800,3700,4100,4100,2578,1,540.0,562.396744511254,31.450583002879284,4052.765457992791,24.656710628394105
1762782845,100,,Aggregated,12.300000,0.000000,540,580,610,640,750,1300,2100,2800,3700,4100,4100,2589,1,540.0,561.9283127721214,31.450583002879284,4052.765457992791,24.55619930475087
1762782846,100,,Aggregated,12.100000,0.000000,540,580,610,640,750,1300,2100,2700,3700,4100,4100,2605,1,540.0,561.5182137938675,31.450583002879284,4052.765457992791,24.43493282149712
1762782847,100,,Aggregated,11.700000,0.000000,540,580,610,640,750,1300,2100,2700,3700,4100,4100,2614,1,540.0,560.9367684330718,31.450583002879284,4052.765457992791,24.35921958684009
1762782848,100,,Aggregated,11.800000,0.000000,540,580,610,640,740,1300,2100,2700,3700,4100,4100,2622,1,540.0,560.5382661998694,31.450583002879284,4052.765457992791,24.289092295957285
1762782849,100,,Aggregated,11.600000,0.000000,540,580,610,640,740,1300,2100,2700,3700,4100,4100,2632,1,540.0,559.9035959415072,31.450583002879284,4052.765457992791,24.20934650455927
1762782850,100,,Aggregated,10.800000,0.000000,540,580,610,640,740,1300,2100,2700,3700,4100,4100,2640,1,540.0,559.6766261113797,31.450583002879284,4052.765457992791,24.14848484848485
1762782851,100,,Aggregated,11.400000,0.000000,540,580,610,640,740,1300,2100,2700,3700,4100,4100,2649,1,540.0,559.1993301944208,31.450583002879284,4052.765457992791,24.07059267648169
1762782852,100,,Aggregated,9.900000,0.000000,540,580,610,640,740,1300,2100,2700,3700,4100,4100,2660,1,540.0,558.9875168458639,31.450583002879284,4052.765457992791,23.98345864661654
1762782853,100,,Aggregated,9.700000,0.000000,540,580,610,640,740,1300,2100,2700,3700,4100,4100,2671,1,540.0,558.6198577390547,31.450583002879284,4052.765457992791,23.905278921752153
1762782854,100,,Aggregated,10.000000,0.000000,540,580,610,640,740,1300,2100,2700,3700,4100,4100,2683,1,540.0,558.1820771915809,31.450583002879284,4052.765457992791,23.814759597465525
1762782855,100,,Aggregated,10.200000,0.000000,540,580,610,640,740,1300,2100,2700,3700,4100,4100,2695,1,540.0,557.6091847013043,31.450583002879284,4052.765457992791,23.716883116883118
1762782856,100,,Aggregated,10.300000,0.000000,540,580,610,640,740,1300,2100,2700,3700,4100,4100,2704,1,540.0,557.0728298579947,31.450583002879284,4052.765457992791,23.65421597633136
1762782857,100,,Aggregated,10.300000,0.000000,540,580,610,640,740,1300,2100,2700,3700,4100,4100,2716,1,540.0,556.3514195883765,31.450583002879284,4052.765457992791,23.561855670103093
1762782858,100,,Aggregated,10.000000,0.000000,540,580,610,630,730,1300,2100,2700,3700,4100,4100,2731,1,540.0,555.9502872350935,31.450583002879284,4052.765457992791,23.45258147198828
1762782859,100,,Aggregated,10.000000,0.000000,540,580,610,630,730,1300,2100,2700,3700,4100,4100,2742,1,540.0,555.3658913286212,31.450583002879284,4052.765457992791,23.37053245805981
1762782860,100,,Aggregated,10.800000,0.000000,540,580,610,640,730,1300,2100,2700,3700,4100,4100,2754,1,540.0,555.5370423856507,31.450583002879284,4052.765457992791,23.292665214233843
1762782861,100,,Aggregated,10.700000,0.000000,540,580,610,640,730,1300,2100,2700,3700,4100,4100,2763,1,540.0,555.5946931249031,31.450583002879284,4052.765457992791,23.224755700325733
1762782862,100,,Aggregated,11.800000,0.000000,540,580,610,640,740,1300,2100,2700,3700,4100,4100,2781,1,540.0,555.7065214923045,31.450583002879284,4052.765457992791,23.110032362459545
1762782863,100,,Aggregated,11.900000,0.000000,540,580,610,640,740,1300,2100,2700,3700,4100,4100,2791,1,540.0,555.3798466571347,31.450583002879284,4052.765457992791,23.042995342171263
1762782864,100,,Aggregated,12.000000,0.000000,540,580,610,640,740,1200,2100,2600,3700,4100,4100,2805,1,540.0,555.1194302798672,31.450583002879284,4052.765457992791,22.947593582887702
1762782865,100,,Aggregated,12.000000,0.000000,540,580,610,640,740,1200,2100,2600,3700,4100,4100,2817,1,540.0,554.6742957255997,31.450583002879284,4052.765457992791,22.865459708910187
1762782866,100,,Aggregated,12.300000,0.000000,540,580,610,640,730,1200,2100,2600,3700,4100,4100,2830,1,540.0,554.2747600321599,31.450583002879284,4052.765457992791,22.775971731448763
1762782867,100,,Aggregated,12.200000,0.000000,540,580,610,630,730,1200,2100,2600,3700,4100,4100,2837,1,540.0,554.014156038424,31.450583002879284,4052.765457992791,22.731406415227355
1762782868,100,,Aggregated,12.600000,0.000000,540,580,610,630,730,1200,2100,2600,3700,4100,4100,2847,1,540.0,553.6295808644303,31.450583002879284,4052.765457992791,22.655426765015807
1762782869,100,,Aggregated,12.200000,0.000000,540,580,610,630,730,1200,2000,2600,3700,4100,4100,2854,1,540.0,553.7673529008491,31.450583002879284,4052.765457992791,22.611422564821304
1762782870,100,,Aggregated,11.800000,0.000000,540,580,610,630,730,1200,2000,2600,3700,4100,4100,2866,1,540.0,553.1725174215057,31.450583002879284,4052.765457992791,22.539776692254012
1762782871,100,,Aggregated,11.200000,0.000000,540,580,610,630,730,1200,2000,2600,3700,4100,4100,2875,1,540.0,552.8369038167114,31.450583002879284,4052.765457992791,22.47304347826087
1762782872,100,,Aggregated,11.100000,0.000000,540,580,610,630,730,1200,2000,2600,3700,4100,4100,2884,1,540.0,552.5976423276903,31.450583002879284,4052.765457992791,22.410540915395284
1762782873,100,,Aggregated,11.000000,0.000000,540,580,610,630,730,1200,2000,2600,3700,4100,4100,2898,1,540.0,552.1782102363766,31.450583002879284,4052.765457992791,22.33264320220842
1762782874,100,,Aggregated,10.500000,0.000000,540,580,610,630,730,1200,2000,2600,3700,4100,4100,2916,1,540.0,551.3089126851843,31.450583002879284,4052.765457992791,22.209876543209877
1762782875,100,,Aggregated,10.400000,0.000000,540,580,610,630,730,1200,2000,2600,3700,4100,4100,2927,1,540.0,550.7390314649749,31.450583002879284,4052.765457992791,22.137683635121284
1762782876,100,,Aggregated,10.600000,0.000000,540,580,610,630,730,1200,2000,2600,3700,4100,4100,2937,1,540.0,550.0610298682333,31.450583002879284,4052.765457992791,22.073544433094995
1762782877,100,,Aggregated,10.900000,0.000000,540,580,610,630,730,1200,2000,2600,3700,4100,4100,2946,1,540.0,549.5720292396574,31.450583002879284,4052.765457992791,22.01357773251867
1762782878,100,,Aggregated,10.500000,0.000000,540,580,610,630,730,1200,2000,2600,3700,4100,4100,2960,1,540.0,549.3847421780549,31.450583002879284,4052.765457992791,21.92804054054054
1762782879,100,,Aggregated,11.200000,0.000000,540,580,610,630,730,1200,2000,2600,3700,4100,4100,2969,1,540.0,548.7586698713511,31.450583002879284,4052.765457992791,21.865274503199732
1762782880,100,,Aggregated,11.000000,0.000000,540,580,610,630,730,1200,2000,2600,3700,4100,4100,2980,1,540.0,548.5353741520336,31.450583002879284,4052.765457992791,21.799328859060402
1762782881,100,,Aggregated,11.400000,0.000000,540,580,610,630,720,1200,2000,2600,3700,4100,4100,2994,1,540.0,548.276034684723,31.450583002879284,4052.765457992791,21.712090848363392
1762782882,100,,Aggregated,11.200000,0.000000,540,580,610,630,720,1200,2000,2500,3600,4100,4100,3004,1,540.0,547.6528767659844,31.450583002879284,4052.765457992791,21.647137150466044
1762782883,100,,Aggregated,11.300000,0.000000,540,580,610,630,720,1200,2000,2500,3600,4100,4100,3017,1,540.0,546.9968878621154,31.450583002879284,4052.765457992791,21.579383493536625
1762782884,100,,Aggregated,11.800000,0.000000,540,580,610,630,720,1200,2000,2500,3600,4100,4100,3032,1,540.0,546.2423188258552,31.450583002879284,4052.765457992791,21.49076517150396
1762782885,100,,Aggregated,12.000000,0.000000,540,580,610,630,720,1200,2000,2500,3600,4100,4100,3042,1,540.0,545.8941993800069,31.450583002879284,4052.765457992791,21.427350427350426
1762782886,100,,Aggregated,11.800000,0.000000,540,580,610,630,720,1200,1900,2500,3600,4100,4100,3053,1,540.0,545.5849547074981,31.450583002879284,4052.765457992791,21.371765476580414
1762782887,100,,Aggregated,11.400000,0.000000,540,580,610,630,720,1200,1900,2500,3600,4100,4100,3068,1,540.0,545.2479640146764,31.450583002879284,4052.765457992791,21.270860495436768
1762782888,100,,Aggregated,11.400000,0.000000,540,580,610,630,720,1200,1900,2500,3600,4100,4100,3077,1,540.0,544.7920055970172,31.450583002879284,4052.765457992791,21.21579460513487
1762782889,100,,Aggregated,11.600000,0.000000,540,580,610,630,720,1200,1900,2500,3600,4100,4100,3086,1,540.0,544.9216349552792,31.450583002879284,4052.765457992791,21.16104990278678
1762782890,100,,Aggregated,11.900000,0.000000,540,580,610,630,720,1200,1900,2500,3600,4100,4100,3095,1,540.0,544.673342748304,31.450583002879284,4052.765457992791,21.09951534733441
1762782891,100,,Aggregated,11.700000,0.000000,540,580,610,630,720,1200,1900,2400,3600,4100,4100,3109,1,540.0,543.9950972624733,31.450583002879284,4052.765457992791,21.015117401093597
1762782892,100,,Aggregated,11.600000,0.000000,540,580,610,630,720,1200,1900,2400,3600,4100,4100,3119,1,540.0,543.51868958161,31.450583002879284,4052.765457992791,20.968900288554025
1762782893,100,,Aggregated,11.800000,0.000000,540,580,610,630,720,1200,1900,2400,3600,4100,4100,3130,1,540.0,543.5104442134375,31.450583002879284,4052.765457992791,20.905750798722046
1762782894,100,,Aggregated,11.400000,0.000000,540,580,610,630,720,1200,1900,2400,3600,4100,4100,3140,1,540.0,543.8608458904641,31.450583002879284,4052.765457992791,20.853184713375796
1762782895,100,,Aggregated,11.100000,0.000000,540,580,610,630,720,1200,1900,2400,3600,4100,4100,3152,1,540.0,543.0420809714462,31.450583002879284,4052.765457992791,20.77728426395939
1762782896,100,,Aggregated,11.000000,0.000000,540,580,610,630,720,1200,1900,2400,3600,4100,4100,3158,1,540.0,542.6703943989786,31.450583002879284,4052.765457992791,20.74129195693477
1762782897,100,,Aggregated,10.900000,0.000000,530,580,610,630,720,1200,1900,2400,3600,4100,4100,3171,1,530.0,542.1950365452542,31.450583002879284,4052.765457992791,20.67013560391044
1762782898,100,,Aggregated,10.900000,0.000000,530,580,610,630,720,1200,1900,2400,3600,4100,4100,3179,1,530.0,541.7867765312982,31.450583002879284,4052.765457992791,20.621579112928593
1762782899,100,,Aggregated,10.300000,0.000000,530,580,610,630,710,1100,1900,2400,3600,4100,4100,3187,1,530.0,541.6043106008775,31.450583002879284,4052.765457992791,20.573266394728584
1762782900,100,,Aggregated,10.400000,0.000000,530,580,610,630,710,1100,1900,2400,3600,4100,4100,3199,1,530.0,541.0696111053531,31.450583002879284,4052.765457992791,20.520162550797124
